{"cameraMode":{"drawMode":0,"name":"Shaded","section":"Shading Mode"},"sceneLighting":true,"audioPlay":false,"sceneViewState":{"showFog":true,"showMaterialUpdate":true,"showSkybox":true,"showFlares":true,"showImageEffects":true,"showParticleSystems":true},"in2DMode":false,"pivot":{"x":104.52792358398438,"y":-344.1492919921875,"z":-497.17919921875},"rotation":{"x":-0.036381859332323077,"y":-0.9510557055473328,"z":0.2811163365840912,"w":-0.12308332324028015},"size":684.3861694335938,"orthographic":false}