{"cameraMode":{"drawMode":0,"name":"Shaded","section":"Shading Mode"},"sceneLighting":true,"audioPlay":false,"sceneViewState":{"showFog":true,"showMaterialUpdate":true,"showSkybox":true,"showFlares":true,"showImageEffects":true,"showParticleSystems":true},"in2DMode":false,"pivot":{"x":29.52307891845703,"y":-27.197956085205079,"z":44.38473129272461},"rotation":{"x":-0.23469644784927369,"y":-0.5069241523742676,"z":0.1457335352897644,"w":-0.8165330290794373},"size":143.56655883789063,"orthographic":false}