{"cameraMode":{"drawMode":0,"name":"Shaded","section":"Shading Mode"},"sceneLighting":false,"audioPlay":false,"sceneViewState":{"showFog":true,"showMaterialUpdate":true,"showSkybox":true,"showFlares":true,"showImageEffects":true,"showParticleSystems":true},"in2DMode":false,"pivot":{"x":-0.001320570707321167,"y":0.004323989152908325,"z":-0.1054093986749649},"rotation":{"x":0.11874280869960785,"y":0.8181040287017822,"z":-0.1833615005016327,"w":0.5322162508964539},"size":2.7071547508239748,"orthographic":false}